file_name,column_name,data_type,missing_count,missing_percentage,unique_count
train_source1.tsv,entity_id,string,0,0.00%,2206821
train_source1.tsv,business_name,string,0,0.00%,1539229
train_source1.tsv,business_address,string,0,0.00%,2130606
train_source1.tsv,country,string,0,0.00%,2
train_source2.tsv,entity_id,string,0,0.00%,5034616
train_source2.tsv,business_name,string,0,0.00%,4402009
train_source2.tsv,business_address,string,168967,3.36%,4337261
train_source2.tsv,country,string,0,0.00%,2
train_source3.tsv,entity_id,string,0,0.00%,5285603
train_source3.tsv,business_name,string,0,0.00%,4651609
train_source3.tsv,business_address,string,175916,3.33%,4632764
train_source3.tsv,country,string,0,0.00%,2
test_source1.tsv,entity_id,string,0,0.00%,1732544
test_source1.tsv,business_name,string,0,0.00%,1238867
test_source1.tsv,business_address,string,0,0.00%,1677483
test_source1.tsv,country,string,0,0.00%,3
test_source2.tsv,entity_id,string,0,0.00%,4887273
test_source2.tsv,business_name,string,0,0.00%,4311041
test_source2.tsv,business_address,string,129408,2.65%,4224783
test_source2.tsv,country,string,0,0.00%,3
test_source3.tsv,entity_id,string,0,0.00%,5082316
test_source3.tsv,business_name,string,0,0.00%,4521929
test_source3.tsv,business_address,string,136098,2.68%,4456435
test_source3.tsv,country,string,0,0.00%,3
train_ground_truth.tsv,source1_entity_id,string,0,0.00%,2206821
train_ground_truth.tsv,matched_entity_ids,string,123247,5.58%,2083574
