variation_category,s1_id,matched_id,s1_name,matched_name,s1_address,matched_address,country,explanation
name_abbreviations,S1-905994896,S2-156874802,Kathlin Gaddy Hartford LLC,kathlingaddyhartford.com,"1628 -311 Old Donation Parkway, Virginia Beach City, VA","1628 -311 OLD DONATION PKWY, VIRGINIA BEACH CITY, VA",US,"Standard name abbreviations or web URL domain form (e.g., Dept vs Department, Ctr vs Center, domain.com)."
name_abbreviations,S1-625875062,S2-183900549,YT Gesher LLC,ytgesher.com,"8554 Pale Dusk Drive, Cypress, TX","TX, CYPRESS, 8554D PALE DUSK DR",US,"Standard name abbreviations or web URL domain form (e.g., Dept vs Department, Ctr vs Center, domain.com)."
name_abbreviations,S1-608478105,S2-810865448,Ziex Viking Associates,Ziex Viking Associasotse,"2117 Vogel Road, Evansville, IN","117 VOGEL RD, EVANSVILLE CTIY, IN",US,"Standard name abbreviations or web URL domain form (e.g., Dept vs Department, Ctr vs Center, domain.com)."
name_abbreviations,S1-768182405,S2-10615658,"Adore H. Leeks, D.O., PC",adorehleeks.com,"310 Pine Circle, Boaz, AL","BOAZ, 0310 PINE CIRCLE, AL",US,"Standard name abbreviations or web URL domain form (e.g., Dept vs Department, Ctr vs Center, domain.com)."
name_abbreviations,S1-954227923,S2-233813958,Mendenhall Robotics,mendenhallr0botics.com,"18015 Vista Norte Street, Goodyear, AZ","18015 VISTA NORTE STREET, GOODYEAR, AZ",US,"Standard name abbreviations or web URL domain form (e.g., Dept vs Department, Ctr vs Center, domain.com)."
punctuation_differences,S1-905994896,S2-156874802,Kathlin Gaddy Hartford LLC,kathlingaddyhartford.com,"1628 -311 Old Donation Parkway, Virginia Beach City, VA","1628 -311 OLD DONATION PKWY, VIRGINIA BEACH CITY, VA",US,"Presence of ampersands, hyphens, slashes, or brackets separating or replacing tokens."
punctuation_differences,S1-712775975,S2-503048625,Mehar Laboratories Pvt Ltd,Mehar Laboratories Pvt Ltd.,"Plot No.75, Sri Lakshmi Nagar 4Th Street, Valasaravakkam, Chennai, Tamil Nadu","75 , SRI LAKSHMI NAGAR 4TH STREET, VALASARAVAKKAM, CHENNAI, N/A, தமிழ்நாடு",India,"Presence of ampersands, hyphens, slashes, or brackets separating or replacing tokens."
punctuation_differences,S1-876082270,S2-556334410,Neille Reyes Idea Inc,Neille-Reyes Idea Inc,"10664 Cotton Flower Drive, Marana, AZ","10664  COTTON FLOWER DRIVE, MARANA, AZ",US,"Presence of ampersands, hyphens, slashes, or brackets separating or replacing tokens."
punctuation_differences,S1-376804348,S2-437915677,Laitinen and Monroe Vision Center LLC,Laitinen & Monroe Vision Center [L.L.C.],"2217 Deer Springs Trail, Belleville, IL","2217  DEER SPRINGS TRL, BELLEVILLE, IL",US,"Presence of ampersands, hyphens, slashes, or brackets separating or replacing tokens."
punctuation_differences,S1-947201313,S2-417090507,Williams Harbor Centurion,WILLIAMS HARBOR CENTURION INC.,"19320 1st Place, Catoosa, OK","19320- 1ND PL, CATOOSA, OK",US,"Presence of ampersands, hyphens, slashes, or brackets separating or replacing tokens."
spelling_variations,S1-878539386,S2-561796765,First Allied Financial Inc.,First Aalrde Financial Inc.,"Ravensdale, 29730 329th Place, WA","2973 329TH PL, RAVENSDALE, WA",US,Character-level typographical error or phonetic spelling (allied vs aalrde).
spelling_variations,S1-590909205,S2-579841448,Madrid Piedmont Couture,Madrid Píedmont Couture,"Urbana, 88 Deer Run Road, OH","88- DEER RUN RD, URBANA, OH",US,Character-level typographical error or phonetic spelling (piedmont vs píedmont).
spelling_variations,S1-911384739,S2-883143109,Premier Portfolio LLC,PREMIER PRTFHORILO LLC,"Carbondale, IL, 840 Lipe Lane","840 LIPE LN, CARBONDALE, IL",US,Character-level typographical error or phonetic spelling (portfolio vs prtfhorilo).
spelling_variations,S1-261532491,S2-799015934,JB Cluster Private Limited,JB-Cluerter Private Limited,"#102, 1St Floor, Dutt Island Siripuram Jn., Vishakhapatnam, Andhra Pradesh","1ST FLOOR, #102, VISHAKHAPATNAM, Andhra Pradesh",India,Character-level typographical error or phonetic spelling (cluster vs cluerter).
spelling_variations,S1-274407723,S2-554374028,Williams Companies Inc,Williams Comphlies Inc,"9878 145th Avenue E, Owasso, OK",,US,Character-level typographical error or phonetic spelling (companies vs comphlies).
legal_suffix_variations,S1-905994896,S2-156874802,Kathlin Gaddy Hartford LLC,kathlingaddyhartford.com,"1628 -311 Old Donation Parkway, Virginia Beach City, VA","1628 -311 OLD DONATION PKWY, VIRGINIA BEACH CITY, VA",US,"Expansion/abbreviation/omission of legal entity designator (e.g., LLC vs [L.L.C.], Pvt Ltd vs Private Limited)."
legal_suffix_variations,S1-376804348,S2-437915677,Laitinen and Monroe Vision Center LLC,Laitinen & Monroe Vision Center [L.L.C.],"2217 Deer Springs Trail, Belleville, IL","2217  DEER SPRINGS TRL, BELLEVILLE, IL",US,"Expansion/abbreviation/omission of legal entity designator (e.g., LLC vs [L.L.C.], Pvt Ltd vs Private Limited)."
legal_suffix_variations,S1-625875062,S2-183900549,YT Gesher LLC,ytgesher.com,"8554 Pale Dusk Drive, Cypress, TX","TX, CYPRESS, 8554D PALE DUSK DR",US,"Expansion/abbreviation/omission of legal entity designator (e.g., LLC vs [L.L.C.], Pvt Ltd vs Private Limited)."
legal_suffix_variations,S1-595246384,S2-261144736,"Thompson Staking, LLC",>> #thompsonstaking,"409 87th Place, Chicago, IL","87RD PLACE, CHICAGOCDP, IL",US,"Expansion/abbreviation/omission of legal entity designator (e.g., LLC vs [L.L.C.], Pvt Ltd vs Private Limited)."
legal_suffix_variations,S1-121428705,S2-783860047,Empire Advanced Airport LLC,EMPIRE ADVANCED  AIRPORT,"1712 Brookwood Drive, Winston-salem, NC","BROOKWOOD DR, WINSTON-SALEM, NC",US,"Expansion/abbreviation/omission of legal entity designator (e.g., LLC vs [L.L.C.], Pvt Ltd vs Private Limited)."
address_abbreviations,S1-905994896,S2-156874802,Kathlin Gaddy Hartford LLC,kathlingaddyhartford.com,"1628 -311 Old Donation Parkway, Virginia Beach City, VA","1628 -311 OLD DONATION PKWY, VIRGINIA BEACH CITY, VA",US,"Standard street suffix abbreviations (e.g. Parkway -> PKWY, Street -> ST, Boulevard -> BLVD)."
address_abbreviations,S1-594562223,S2-813569572,F Y & U Taxable,F Y & Ú Taxable,"164-32 88 Street, Howard Beach, NY","NY, 164-32 88 ST, HOWARD BEACH, PMB 9494",US,"Standard street suffix abbreviations (e.g. Parkway -> PKWY, Street -> ST, Boulevard -> BLVD)."
address_abbreviations,S1-349619502,S2-483453128,Ryder Development,ryder development,"TX, Magnolia, 27642 Mesabe Drive","27642C MESABE DRIVE, MAGNOIA TOWNSHIP, TX",US,"Standard street suffix abbreviations (e.g. Parkway -> PKWY, Street -> ST, Boulevard -> BLVD)."
address_abbreviations,S1-712775975,S2-503048625,Mehar Laboratories Pvt Ltd,Mehar Laboratories Pvt Ltd.,"Plot No.75, Sri Lakshmi Nagar 4Th Street, Valasaravakkam, Chennai, Tamil Nadu","75 , SRI LAKSHMI NAGAR 4TH STREET, VALASARAVAKKAM, CHENNAI, N/A, தமிழ்நாடு",India,"Standard street suffix abbreviations (e.g. Parkway -> PKWY, Street -> ST, Boulevard -> BLVD)."
address_abbreviations,S1-876082270,S2-556334410,Neille Reyes Idea Inc,Neille-Reyes Idea Inc,"10664 Cotton Flower Drive, Marana, AZ","10664  COTTON FLOWER DRIVE, MARANA, AZ",US,"Standard street suffix abbreviations (e.g. Parkway -> PKWY, Street -> ST, Boulevard -> BLVD)."
missing_address_components,S1-369710074,S2-305071473,Tatia Sangh Clinic,TATIA SANGH  CLINIC,"Plot No-535 And 536, Radhey Shyam Palace Apartment Chankya Nagar, Kumhrar, Patna, Bihar",,India,Matched source entity has completely missing/empty address string.
missing_address_components,S1-238200430,S2-855633517,Global Institute,GLOBAL CENTER,"25700 21, Town Of La Grange, WI",,US,Matched source entity has completely missing/empty address string.
missing_address_components,S1-795915943,S2-242231390,Nirmal (India) Haven Group,Mr NIRMAL (INDIA) HAVEN GROUP,"At-Umari, Satlasana, Mahesana, Gujarat, Taluka-Satlasana",,India,Matched source entity has completely missing/empty address string.
missing_address_components,S1-490668330,S2-677115923,Hargett Charter School Corp,Hargett Charter Sool Corp,"1700 Midland Trail, VA, Alleghany County",,US,Matched source entity has completely missing/empty address string.
missing_address_components,S1-274407723,S2-554374028,Williams Companies Inc,Williams Comphlies Inc,"9878 145th Avenue E, Owasso, OK",,US,Matched source entity has completely missing/empty address string.
transliteration_format_variations,S1-594562223,S2-813569572,F Y & U Taxable,F Y & Ú Taxable,"164-32 88 Street, Howard Beach, NY","NY, 164-32 88 ST, HOWARD BEACH, PMB 9494",US,Business name transliterated from Latin script to native script (e.g. Devanagari/Hindi/Tamil).
transliteration_format_variations,S1-712775975,S2-503048625,Mehar Laboratories Pvt Ltd,Mehar Laboratories Pvt Ltd.,"Plot No.75, Sri Lakshmi Nagar 4Th Street, Valasaravakkam, Chennai, Tamil Nadu","75 , SRI LAKSHMI NAGAR 4TH STREET, VALASARAVAKKAM, CHENNAI, N/A, தமிழ்நாடு",India,Address state/city transliterated to native regional script.
transliteration_format_variations,S1-93791103,S2-414010221,Vijay Constructions,વિજય કન્સ્ટ્રક્શન્સ,"Satellite, Gujarat, Aditya Plaza. Nr. Karnavati Appartments., Jodhpur, Ahemedabad, 310","ADITYA PLAZA. NR. KARNAVATI APPARTMENTS., JODHPUR, SATELLITE, AHEMEDABAD, 310, ગુજરાત",India,Business name transliterated from Latin script to native script (e.g. Devanagari/Hindi/Tamil).
transliteration_format_variations,S1-32483476,S2-120369605,Smart Exports Private Limited,स्मार्ट एक्सपोर्ट्स प्राइवेट लिमिटेड,"1059, Gf Gali No. 15, Naiwala Karol Bagh, New Delhi, Central Delhi, Delhi","10-59, GF GALI NO. 15, NAIWALA KAROL BAGH, NEW DELHI, CENTRAL DELHI, दिल्ली",India,Business name transliterated from Latin script to native script (e.g. Devanagari/Hindi/Tamil).
transliteration_format_variations,S1-716706182,S2-315041402,Jai Products Private Limited,ஜெய் புராடக்ட்ஸ் பிரைவேட் லிமிடெட்,"Tiruppur, Coimbatore, Tamil Nadu, Venkatesapuram, 3Rd Street, Thottipalayam, Door.No.54/42-45","#54/42-45, VENKATESAPURAM, 3RD STREET, THOTTIPALAYAM, COIMBATORE, Tamil Nadu",India,Business name transliterated from Latin script to native script (e.g. Devanagari/Hindi/Tamil).
